Timestamp,Bid,Ask
0.0,[],[]
0.279,"[[1, 6]]",[]
1.333,"[[1, 6]]","[[800, 1]]"
1.581,"[[1, 6]]","[[799, 1]]"
1.643,"[[1, 6]]","[[798, 1]]"
1.736,"[[261, 1], [1, 6]]","[[798, 1]]"
1.984,"[[261, 1], [1, 6]]","[[797, 1]]"
2.015,"[[261, 1], [1, 6]]","[[338, 3], [797, 1]]"
2.139,"[[261, 1], [1, 6]]","[[297, 5], [338, 3], [797, 1]]"
2.697,"[[262, 6], [261, 1]]","[[297, 5], [338, 3], [797, 1]]"
3.069,"[[262, 6], [261, 1]]","[[296, 1], [297, 5], [338, 3], [797, 1]]"
3.131,"[[262, 6], [261, 1]]","[[296, 1], [297, 5], [309, 3], [797, 1]]"
3.255,"[[262, 6], [261, 1]]","[[296, 1], [297, 5], [309, 3], [334, 4], [797, 1]]"
3.286,"[[262, 6], [261, 1]]","[[292, 5], [296, 1], [309, 3], [334, 4], [797, 1]]"
3.441,"[[263, 6], [261, 1]]","[[292, 5], [296, 1], [309, 3], [334, 4], [797, 1]]"
3.782,"[[263, 6], [261, 1]]","[[291, 1], [292, 5], [296, 1], [309, 3], [334, 4]]"
3.813,"[[264, 6], [261, 1]]","[[291, 1], [292, 5], [296, 1], [309, 3], [334, 4]]"
3.906,"[[264, 6], [261, 1]]","[[291, 1], [292, 5], [296, 4], [334, 4]]"
4.216,"[[264, 6], [261, 1]]","[[288, 5], [291, 1], [296, 4], [334, 4]]"
4.34,"[[264, 6], [261, 1]]","[[288, 5], [291, 1], [296, 4], [307, 4]]"
4.433,"[[264, 6], [261, 1]]","[[287, 1], [288, 5], [291, 1], [296, 3], [307, 4]]"
4.65,"[[264, 6], [261, 1]]","[[287, 4], [288, 5], [291, 1], [307, 4]]"
4.898,"[[264, 6], [261, 1]]","[[287, 4], [288, 5], [291, 1], [300, 4]]"
4.929,"[[264, 6], [261, 1]]","[[286, 1], [287, 4], [288, 5], [300, 4]]"
5.022,"[[264, 6], [261, 1]]","[[284, 5], [286, 1], [287, 4], [300, 4]]"
5.208,"[[264, 6], [261, 1]]","[[283, 1], [284, 5], [286, 1], [287, 3], [300, 4]]"
5.363,"[[264, 6], [261, 1]]","[[283, 6], [286, 1], [287, 3], [300, 4]]"
5.425,"[[264, 6], [261, 1], [260, 4]]","[[283, 6], [286, 1], [287, 3], [300, 4]]"
5.797,"[[264, 6], [261, 1], [260, 4]]","[[283, 6], [286, 1], [287, 3], [300, 4], [340, 2]]"
5.89,"[[264, 6], [261, 1], [260, 4]]","[[283, 6], [286, 1], [287, 3], [288, 4], [340, 2]]"
6.107,"[[264, 6], [261, 1], [260, 11]]","[[283, 6], [286, 1], [287, 3], [288, 4], [340, 2]]"
6.324,"[[264, 6], [261, 1], [260, 11]]","[[282, 1], [283, 5], [286, 1], [287, 3], [288, 4], [340, 2]]"
6.386,"[[265, 6], [261, 1], [260, 11]]","[[282, 1], [283, 5], [286, 1], [287, 3], [288, 4], [340, 2]]"
6.572,"[[266, 6], [261, 1], [260, 11]]","[[282, 1], [283, 5], [286, 1], [287, 3], [288, 4], [340, 2]]"
6.634,"[[266, 6], [261, 1], [260, 11]]","[[281, 1], [282, 1], [283, 5], [287, 3], [288, 4], [340, 2]]"
6.882,"[[266, 6], [261, 1], [260, 11]]","[[281, 1], [282, 1], [283, 5], [287, 7], [340, 2]]"
7.068,"[[266, 6], [261, 1], [260, 11]]","[[281, 6], [282, 1], [287, 7], [340, 2]]"
7.347,"[[266, 6], [261, 1], [260, 11]]","[[280, 1], [281, 6], [287, 7], [340, 2]]"
7.44,"[[266, 6], [261, 1], [260, 11]]","[[280, 1], [281, 6], [287, 7], [304, 2]]"
7.564,"[[266, 6], [261, 1], [260, 11]]","[[279, 1], [280, 1], [281, 5], [287, 7], [304, 2]]"
7.936,"[[266, 6], [261, 1], [260, 11]]","[[279, 1], [280, 1], [281, 9], [287, 3], [304, 2]]"
7.967,"[[266, 6], [261, 1], [260, 11]]","[[279, 1], [280, 1], [281, 12], [304, 2]]"
8.184,"[[266, 6], [261, 1], [260, 11]]","[[278, 1], [280, 1], [281, 12], [304, 2]]"
8.494,"[[266, 6], [261, 1], [260, 11], [178, 15]]","[[278, 1], [280, 1], [281, 12], [304, 2]]"
8.618,"[[266, 6], [261, 1], [260, 11], [178, 15]]","[[277, 5], [278, 1], [280, 1], [281, 12], [304, 2]]"
8.711,"[[266, 6], [261, 1], [260, 11], [178, 15]]","[[276, 3], [277, 5], [278, 1], [280, 1], [281, 9], [304, 2]]"
8.742,"[[266, 6], [261, 1], [260, 11], [178, 15]]","[[276, 3], [277, 10], [278, 1], [280, 1], [281, 4], [304, 2]]"
8.928,"[[266, 6], [261, 1], [260, 11], [178, 15]]","[[275, 1], [276, 3], [277, 10], [280, 1], [281, 4], [304, 2]]"
9.176,"[[266, 6], [261, 1], [260, 11], [178, 15]]","[[275, 1], [276, 3], [277, 10], [280, 1], [281, 4], [288, 2]]"
9.207,"[[266, 6], [261, 1], [260, 11], [178, 15]]","[[275, 1], [276, 3], [277, 10], [280, 1], [282, 4], [288, 2]]"
9.3,"[[266, 6], [261, 1], [260, 11], [178, 15]]","[[274, 1], [275, 1], [276, 3], [277, 10], [282, 4], [288, 2]]"
9.393,"[[266, 6], [261, 1], [260, 11], [178, 15]]","[[273, 1], [274, 1], [276, 3], [277, 10], [282, 4], [288, 2]]"
9.424,"[[266, 6], [261, 1], [260, 11], [178, 15]]","[[272, 1], [273, 1], [276, 3], [277, 10], [282, 4], [288, 2]]"
9.517,"[[266, 6], [261, 1], [260, 11], [178, 15]]","[[271, 5], [272, 1], [273, 1], [276, 3], [277, 5], [282, 4], [288, 2]]"
9.641,"[[266, 6], [261, 1], [260, 11], [259, 1], [178, 15]]","[[271, 5], [272, 1], [273, 1], [276, 3], [277, 5], [282, 4], [288, 2]]"
9.672,"[[266, 6], [261, 1], [260, 11], [259, 1], [178, 15]]","[[271, 5], [272, 1], [273, 1], [276, 3], [277, 5], [280, 4], [288, 2]]"
9.734,"[[266, 6], [261, 1], [260, 11], [259, 1], [178, 15]]","[[270, 1], [271, 5], [272, 1], [276, 3], [277, 5], [280, 4], [288, 2]]"
9.765,"[[267, 6], [261, 1], [260, 11], [259, 1], [178, 15]]","[[270, 1], [271, 5], [272, 1], [276, 3], [277, 5], [280, 4], [288, 2]]"
9.827,"[[267, 6], [261, 1], [260, 11], [259, 1], [178, 15]]","[[270, 1], [271, 5], [272, 1], [275, 3], [277, 5], [280, 4], [288, 2]]"
9.92,"[[267, 6], [261, 1], [260, 11], [259, 1], [178, 15]]","[[270, 1], [271, 5], [272, 1], [275, 3], [277, 7], [280, 4]]"
9.982,"[[267, 6], [261, 1], [260, 11], [259, 1], [178, 15]]","[[270, 1], [271, 5], [272, 1], [275, 3], [277, 7], [281, 4]]"
10.013,"[[267, 6], [261, 1], [260, 11], [259, 1], [178, 15]]","[[270, 1], [271, 5], [272, 1], [275, 8], [277, 2], [281, 4]]"
10.044,"[[267, 6], [261, 1], [260, 11], [259, 1], [193, 15]]","[[270, 1], [271, 5], [272, 1], [275, 8], [277, 2], [281, 4]]"
10.168,"[[267, 6], [261, 1], [260, 11], [259, 1], [193, 15]]","[[270, 1], [271, 5], [272, 1], [275, 8], [277, 2], [281, 4], [584, 3]]"
10.633,"[[267, 6], [261, 1], [260, 11], [259, 1], [193, 15]]","[[269, 1], [270, 1], [271, 5], [275, 8], [277, 2], [281, 4], [584, 3]]"
10.819,"[[267, 6], [261, 1], [260, 11], [259, 1], [193, 15]]","[[268, 1], [269, 1], [271, 5], [275, 8], [277, 2], [281, 4], [584, 3]]"
10.881,"[[267, 6], [261, 1], [260, 11], [259, 1], [193, 15]]","[[267, 1], [268, 1], [269, 1], [271, 5], [275, 8], [277, 2], [281, 4], [584, 3]]"
10.912,"[[267, 5], [261, 1], [260, 11], [259, 1], [193, 15]]","[[269, 1], [271, 5], [275, 8], [277, 2], [281, 4], [584, 3]]"
11.036,"[[267, 5], [261, 1], [260, 11], [259, 1], [193, 15], [118, 10]]","[[269, 1], [271, 5], [275, 8], [277, 2], [281, 4], [584, 3]]"
11.067,"[[269, 1], [267, 5], [261, 1], [260, 11], [259, 1], [193, 15], [118, 10]]","[[269, 1], [271, 5], [275, 8], [281, 6], [584, 3]]"
11.098,"[[267, 5], [261, 1], [260, 11], [259, 1], [193, 15], [118, 10]]","[[271, 5], [275, 8], [281, 6], [584, 3]]"
11.222,"[[267, 5], [261, 1], [260, 11], [259, 1], [193, 15], [118, 10]]","[[267, 2], [271, 5], [274, 3], [275, 5], [281, 6], [584, 3]]"
11.253,"[[267, 3], [261, 1], [260, 11], [259, 1], [193, 15], [118, 10]]","[[271, 5], [274, 3], [275, 5], [281, 6], [584, 3]]"
11.47,"[[267, 3], [261, 1], [260, 11], [259, 1], [193, 15], [118, 10]]","[[270, 5], [274, 3], [275, 5], [281, 6], [584, 3]]"
11.532,"[[267, 3], [261, 1], [260, 11], [259, 1], [193, 15], [118, 10]]","[[270, 5], [274, 3], [275, 5], [281, 6], [464, 3]]"
11.563,"[[267, 3], [261, 1], [260, 11], [259, 1], [193, 15], [118, 10]]","[[270, 5], [273, 3], [275, 5], [281, 6], [464, 3]]"
11.625,"[[267, 3], [261, 1], [260, 11], [259, 1], [193, 15], [118, 10]]","[[270, 5], [273, 3], [275, 5], [281, 6], [308, 3]]"
11.687,"[[267, 3], [261, 1], [260, 11], [259, 1], [193, 15], [118, 10]]","[[270, 5], [273, 3], [279, 5], [281, 6], [308, 3]]"
11.78,"[[267, 3], [261, 1], [260, 11], [259, 1], [193, 15], [96, 10]]","[[270, 5], [273, 3], [279, 5], [281, 6], [308, 3]]"
11.873,"[[267, 3], [261, 1], [260, 11], [259, 1], [193, 15], [46, 10]]","[[270, 5], [273, 3], [279, 5], [281, 6], [308, 3]]"
12.028,"[[267, 3], [261, 1], [260, 11], [259, 1], [193, 15], [92, 10]]","[[270, 5], [273, 3], [279, 5], [281, 6], [308, 3]]"
12.307,"[[267, 3], [261, 1], [260, 11], [259, 1], [193, 15], [92, 10]]","[[270, 5], [273, 3], [279, 5], [281, 6], [744, 3]]"
12.338,"[[270, 2], [267, 3], [261, 1], [260, 11], [259, 1], [193, 15], [92, 10]]","[[270, 5], [273, 3], [279, 5], [281, 6], [744, 3]]"
12.369,"[[267, 3], [261, 1], [260, 11], [259, 1], [193, 15], [92, 10]]","[[270, 3], [273, 3], [279, 5], [281, 6], [744, 3]]"
12.586,"[[267, 3], [261, 1], [260, 11], [193, 15], [127, 1], [92, 10]]","[[270, 3], [273, 3], [279, 5], [281, 6], [744, 3]]"
12.617,"[[267, 3], [261, 1], [260, 11], [193, 15], [127, 1], [92, 10]]","[[270, 3], [273, 3], [279, 5], [280, 4], [281, 2], [744, 3]]"
12.865,"[[267, 3], [264, 1], [261, 1], [260, 11], [193, 15], [127, 1], [92, 10]]","[[270, 3], [273, 3], [279, 5], [280, 4], [281, 2], [744, 3]]"
12.958,"[[267, 3], [264, 1], [261, 1], [260, 11], [193, 15], [181, 1], [92, 10]]","[[270, 3], [273, 3], [279, 5], [280, 4], [281, 2], [744, 3]]"
13.299,"[[267, 3], [264, 1], [261, 1], [260, 11], [193, 15], [181, 1], [92, 10]]","[[269, 3], [273, 3], [279, 5], [280, 4], [281, 2], [744, 3]]"
13.423,"[[267, 3], [264, 1], [261, 1], [260, 11], [193, 15], [181, 1], [92, 10]]","[[269, 3], [273, 3], [279, 5], [280, 4], [282, 2], [744, 3]]"
13.485,"[[267, 3], [264, 1], [261, 1], [260, 11], [193, 15], [181, 1], [92, 10]]","[[268, 3], [273, 3], [279, 5], [280, 4], [282, 2], [744, 3]]"
13.733,"[[267, 3], [264, 1], [261, 1], [260, 11], [193, 15], [181, 1], [92, 10]]","[[267, 3], [268, 3], [273, 3], [279, 5], [280, 4], [282, 2], [744, 3]]"
13.764,"[[264, 1], [261, 1], [260, 11], [193, 15], [181, 1], [92, 10]]","[[273, 3], [279, 5], [280, 4], [282, 2], [744, 3]]"
13.981,"[[264, 1], [261, 1], [260, 11], [193, 15], [181, 1], [92, 10]]","[[273, 3], [278, 4], [279, 5], [282, 2], [744, 3]]"
14.012,"[[264, 1], [261, 1], [260, 11], [193, 15], [181, 1], [92, 10]]","[[272, 5], [273, 3], [278, 4], [279, 5], [282, 2], [744, 3]]"
14.229,"[[264, 1], [261, 1], [260, 11], [193, 15], [181, 1], [92, 10]]","[[272, 5], [273, 3], [278, 4], [279, 5], [282, 2], [296, 3]]"
14.353,"[[264, 1], [261, 1], [260, 11], [193, 15], [181, 1], [92, 10]]","[[271, 5], [273, 3], [278, 4], [279, 5], [282, 2], [296, 3]]"
14.446,"[[264, 1], [261, 1], [260, 11], [193, 15], [181, 1], [92, 10]]","[[271, 5], [273, 3], [278, 4], [279, 5], [282, 2], [296, 3], [423, 5]]"
14.508,"[[264, 1], [261, 1], [260, 11], [193, 15], [181, 1], [92, 10]]","[[270, 3], [271, 5], [278, 4], [279, 5], [282, 2], [296, 3], [423, 5]]"
14.601,"[[264, 1], [261, 1], [260, 11], [193, 15], [181, 1], [92, 10]]","[[270, 3], [271, 5], [278, 4], [279, 5], [282, 2], [296, 3], [644, 5]]"
14.632,"[[264, 1], [261, 1], [260, 11], [193, 15], [181, 1], [92, 10]]","[[270, 3], [271, 5], [278, 4], [279, 5], [282, 2], [296, 3], [376, 3], [644, 5]]"
14.787,"[[264, 1], [261, 1], [260, 11], [193, 15], [181, 1], [10, 10]]","[[270, 3], [271, 5], [278, 4], [279, 5], [282, 2], [296, 3], [376, 3], [644, 5]]"
14.849,"[[264, 1], [261, 1], [260, 11], [193, 15], [181, 1], [10, 10]]","[[270, 3], [271, 5], [278, 4], [282, 7], [296, 3], [376, 3], [644, 5]]"
15.252,"[[264, 1], [261, 1], [260, 11], [193, 15], [181, 1], [17, 10]]","[[270, 3], [271, 5], [278, 4], [282, 7], [296, 3], [376, 3], [644, 5]]"
15.407,"[[264, 1], [261, 1], [260, 11], [193, 15], [181, 1], [17, 10]]","[[270, 3], [271, 5], [278, 4], [282, 7], [296, 3], [376, 3], [549, 5]]"
15.655,"[[264, 1], [261, 1], [260, 11], [193, 15], [181, 1], [17, 10]]","[[269, 5], [270, 3], [278, 4], [282, 7], [296, 3], [376, 3], [549, 5]]"
15.81,"[[264, 1], [261, 1], [260, 11], [193, 15], [181, 1], [17, 10]]","[[268, 5], [270, 3], [278, 4], [282, 7], [296, 3], [376, 3], [549, 5]]"
15.872,"[[264, 1], [261, 1], [260, 11], [193, 15], [181, 1], [17, 10]]","[[268, 5], [270, 3], [277, 2], [278, 4], [282, 5], [296, 3], [376, 3], [549, 5]]"
16.027,"[[264, 1], [261, 1], [260, 11], [193, 15], [181, 1], [17, 10]]","[[268, 5], [271, 3], [277, 2], [278, 4], [282, 5], [296, 3], [376, 3], [549, 5]]"
16.213,"[[264, 1], [261, 1], [260, 11], [193, 15], [186, 10], [181, 1]]","[[268, 5], [271, 3], [277, 2], [278, 4], [282, 5], [296, 3], [376, 3], [549, 5]]"
16.244,"[[264, 1], [261, 1], [260, 11], [193, 15], [186, 10], [181, 1]]","[[268, 5], [271, 3], [277, 2], [278, 4], [280, 5], [296, 3], [376, 3], [549, 5]]"
16.306,"[[264, 1], [261, 1], [260, 11], [253, 10], [193, 15], [181, 1]]","[[268, 5], [271, 3], [277, 2], [278, 4], [280, 5], [296, 3], [376, 3], [549, 5]]"
16.554,"[[264, 1], [261, 1], [260, 11], [253, 10], [193, 15], [181, 1], [141, 2]]","[[268, 5], [271, 3], [277, 2], [278, 4], [280, 5], [296, 3], [376, 3], [549, 5]]"
16.709,"[[264, 1], [261, 1], [260, 11], [253, 10], [219, 3], [193, 15], [181, 1], [141, 2]]","[[268, 5], [271, 3], [277, 2], [278, 4], [280, 5], [296, 3], [376, 3], [549, 5]]"
16.895,"[[264, 1], [261, 1], [260, 11], [253, 10], [219, 3], [193, 15], [181, 1], [141, 2]]","[[268, 5], [271, 3], [277, 2], [278, 4], [280, 5], [296, 3], [549, 5], [595, 3]]"
17.36,"[[264, 1], [261, 1], [260, 11], [253, 10], [219, 3], [193, 15], [181, 1], [141, 2]]","[[268, 5], [271, 3], [277, 2], [278, 4], [280, 5], [549, 5], [595, 3], [615, 3]]"
17.453,"[[264, 1], [261, 1], [260, 11], [253, 10], [219, 3], [193, 15], [141, 2], [124, 1]]","[[268, 5], [271, 3], [277, 2], [278, 4], [280, 5], [549, 5], [595, 3], [615, 3]]"
17.484,"[[264, 1], [261, 1], [260, 11], [253, 10], [230, 7], [219, 3], [193, 15], [141, 2], [124, 1]]","[[268, 5], [271, 3], [277, 2], [278, 4], [280, 5], [549, 5], [595, 3], [615, 3]]"
17.608,"[[264, 1], [261, 1], [260, 11], [253, 10], [230, 7], [225, 2], [219, 3], [193, 15], [124, 1]]","[[268, 5], [271, 3], [277, 2], [278, 4], [280, 5], [549, 5], [595, 3], [615, 3]]"
17.67,"[[265, 3], [264, 1], [261, 1], [260, 11], [253, 10], [230, 7], [225, 2], [219, 3], [193, 15], [124, 1]]","[[268, 5], [271, 3], [277, 2], [278, 4], [280, 5], [549, 5], [595, 3], [615, 3]]"
17.763,"[[265, 3], [264, 1], [261, 1], [260, 11], [253, 10], [230, 7], [225, 2], [219, 3], [193, 15], [124, 1]]","[[268, 5], [271, 3], [277, 2], [278, 4], [280, 5], [595, 3], [608, 5], [615, 3]]"
17.794,"[[265, 3], [264, 1], [261, 1], [260, 11], [253, 10], [230, 7], [225, 2], [219, 3], [209, 15], [124, 1]]","[[268, 5], [271, 3], [277, 2], [278, 4], [280, 5], [595, 3], [608, 5], [615, 3]]"
17.918,"[[265, 3], [264, 1], [261, 1], [260, 11], [253, 10], [230, 7], [225, 2], [219, 3], [209, 15], [124, 1]]","[[268, 5], [271, 3], [277, 2], [278, 4], [280, 5], [554, 3], [608, 5], [615, 3]]"
18.135,"[[265, 3], [264, 1], [261, 1], [260, 11], [253, 10], [230, 7], [225, 2], [219, 6], [209, 15], [124, 1]]","[[268, 5], [271, 3], [277, 2], [278, 4], [280, 5], [554, 3], [608, 5], [615, 3]]"
18.197,"[[265, 3], [264, 1], [261, 1], [260, 11], [253, 10], [230, 7], [219, 6], [209, 15], [137, 2], [124, 1]]","[[268, 5], [271, 3], [277, 2], [278, 4], [280, 5], [554, 3], [608, 5], [615, 3]]"
18.29,"[[265, 3], [264, 1], [261, 1], [260, 11], [253, 10], [230, 7], [228, 3], [219, 3], [209, 15], [137, 2], [124, 1]]","[[268, 5], [271, 3], [277, 2], [278, 4], [280, 5], [554, 3], [608, 5], [615, 3]]"
18.321,"[[265, 3], [264, 1], [261, 1], [260, 11], [253, 10], [230, 7], [228, 3], [219, 3], [209, 15], [137, 2], [124, 1]]","[[265, 2], [268, 5], [271, 3], [277, 2], [278, 4], [280, 5], [554, 3], [608, 5], [615, 3]]"
18.352,"[[265, 1], [264, 1], [261, 1], [260, 11], [253, 10], [230, 7], [228, 3], [219, 3], [209, 15], [137, 2], [124, 1]]","[[268, 5], [271, 3], [277, 2], [278, 4], [280, 5], [554, 3], [608, 5], [615, 3]]"
18.383,"[[265, 1], [264, 1], [261, 1], [260, 11], [253, 10], [230, 7], [228, 3], [219, 3], [209, 15], [137, 2], [54, 1]]","[[268, 5], [271, 3], [277, 2], [278, 4], [280, 5], [554, 3], [608, 5], [615, 3]]"
18.414,"[[265, 1], [264, 1], [261, 1], [260, 11], [253, 10], [230, 7], [228, 3], [219, 3], [215, 1], [209, 15], [137, 2], [54, 1]]","[[268, 5], [271, 3], [277, 2], [278, 4], [280, 5], [554, 3], [608, 5], [615, 3]]"
18.476,"[[265, 1], [264, 1], [261, 1], [260, 11], [253, 10], [230, 7], [228, 3], [219, 3], [215, 1], [209, 15], [66, 2], [54, 1]]","[[268, 5], [271, 3], [277, 2], [278, 4], [280, 5], [554, 3], [608, 5], [615, 3]]"
18.693,"[[265, 1], [264, 1], [261, 1], [260, 11], [253, 10], [230, 7], [228, 3], [215, 1], [209, 15], [66, 2], [54, 1], [23, 3]]","[[268, 5], [271, 3], [277, 2], [278, 4], [280, 5], [554, 3], [608, 5], [615, 3]]"
18.724,"[[265, 1], [264, 1], [261, 1], [260, 11], [253, 10], [230, 7], [228, 3], [215, 1], [209, 15], [66, 2], [54, 1], [23, 3]]","[[268, 5], [271, 3], [277, 2], [278, 4], [280, 5], [554, 3], [579, 3], [608, 5], [615, 3]]"
18.848,"[[266, 1], [264, 1], [261, 1], [260, 11], [253, 10], [230, 7], [228, 3], [215, 1], [209, 15], [66, 2], [54, 1], [23, 3]]","[[268, 5], [271, 3], [277, 2], [278, 4], [280, 5], [554, 3], [579, 3], [608, 5], [615, 3]]"
18.91,"[[266, 1], [264, 1], [261, 1], [260, 11], [253, 10], [230, 7], [228, 3], [215, 1], [209, 15], [66, 2], [54, 1], [23, 3]]","[[268, 5], [271, 3], [277, 2], [278, 4], [280, 5], [460, 3], [554, 3], [608, 5], [615, 3]]"
18.972,"[[266, 1], [264, 1], [261, 1], [260, 11], [253, 10], [241, 7], [228, 3], [215, 1], [209, 15], [66, 2], [54, 1], [23, 3]]","[[268, 5], [271, 3], [277, 2], [278, 4], [280, 5], [460, 3], [554, 3], [608, 5], [615, 3]]"
19.034,"[[266, 1], [264, 1], [261, 1], [260, 11], [253, 10], [241, 7], [228, 3], [215, 1], [209, 15], [66, 2], [54, 1], [23, 3]]","[[267, 5], [271, 3], [277, 2], [278, 4], [280, 5], [460, 3], [554, 3], [608, 5], [615, 3]]"
19.158,"[[266, 1], [264, 1], [261, 1], [260, 11], [253, 10], [241, 7], [228, 3], [220, 15], [215, 1], [66, 2], [54, 1], [23, 3]]","[[267, 5], [271, 3], [277, 2], [278, 4], [280, 5], [460, 3], [554, 3], [608, 5], [615, 3]]"
19.22,"[[266, 1], [264, 1], [261, 1], [260, 11], [253, 10], [241, 7], [228, 3], [220, 15], [215, 1], [204, 3], [66, 2], [54, 1]]","[[267, 5], [271, 3], [277, 2], [278, 4], [280, 5], [460, 3], [554, 3], [608, 5], [615, 3]]"
19.251,"[[266, 1], [264, 1], [261, 1], [260, 11], [253, 10], [241, 7], [228, 3], [220, 15], [215, 1], [204, 3], [66, 2], [54, 1]]","[[267, 5], [271, 3], [277, 2], [278, 4], [280, 5], [460, 3], [514, 5], [554, 3], [615, 3]]"
19.499,"[[266, 1], [264, 1], [261, 1], [260, 11], [253, 10], [241, 7], [233, 3], [220, 15], [215, 1], [204, 3], [66, 2], [54, 1]]","[[267, 5], [271, 3], [277, 2], [278, 4], [280, 5], [460, 3], [514, 5], [554, 3], [615, 3]]"
19.592,"[[266, 1], [264, 1], [261, 1], [260, 11], [253, 10], [241, 7], [233, 3], [220, 15], [215, 1], [204, 3], [66, 2], [54, 1]]","[[267, 5], [271, 3], [277, 2], [278, 4], [280, 5], [425, 5], [460, 3], [554, 3], [615, 3]]"
19.654,"[[266, 1], [264, 1], [261, 1], [260, 11], [253, 10], [241, 7], [233, 3], [220, 15], [215, 1], [204, 3], [66, 2], [34, 1]]","[[266, 1], [267, 5], [271, 3], [277, 2], [278, 4], [280, 5], [425, 5], [460, 3], [554, 3], [615, 3]]"
19.654,"[[266, 1], [264, 1], [261, 1], [260, 11], [253, 10], [241, 7], [233, 3], [220, 15], [215, 1], [204, 3], [66, 2], [34, 1]]","[[264, 1], [266, 1], [267, 5], [271, 3], [277, 2], [278, 4], [280, 5], [425, 5], [460, 3], [554, 3], [615, 3]]"
19.654,"[[266, 1], [264, 1], [261, 1], [260, 11], [253, 10], [241, 7], [233, 3], [220, 15], [215, 1], [204, 3], [66, 2], [34, 1]]","[[261, 1], [264, 1], [266, 1], [267, 5], [271, 3], [277, 2], [278, 4], [280, 5], [425, 5], [460, 3], [554, 3], [615, 3]]"
19.685,"[[260, 11], [253, 10], [241, 7], [233, 3], [220, 15], [215, 1], [204, 3], [66, 2], [34, 1]]","[[267, 5], [271, 3], [277, 2], [278, 4], [280, 5], [425, 5], [460, 3], [554, 3], [615, 3]]"
19.716,"[[260, 11], [253, 10], [241, 7], [233, 3], [220, 15], [215, 1], [204, 3], [66, 2], [34, 1]]","[[267, 5], [271, 3], [276, 4], [277, 2], [280, 5], [425, 5], [460, 3], [554, 3], [615, 3]]"
19.809,"[[260, 11], [253, 10], [241, 7], [233, 3], [220, 15], [215, 1], [204, 3], [66, 2], [34, 1]]","[[267, 5], [271, 3], [276, 4], [277, 2], [280, 5], [425, 5], [460, 3], [615, 3], [639, 3]]"
19.84,"[[260, 11], [253, 10], [241, 7], [233, 3], [220, 16], [204, 3], [66, 2], [34, 1]]","[[267, 5], [271, 3], [276, 4], [277, 2], [280, 5], [425, 5], [460, 3], [615, 3], [639, 3]]"
19.964,"[[260, 11], [253, 10], [241, 7], [233, 3], [220, 16], [137, 3], [66, 2], [34, 1]]","[[267, 5], [271, 3], [276, 4], [277, 2], [280, 5], [425, 5], [460, 3], [615, 3], [639, 3]]"
19.995,"[[260, 11], [253, 10], [241, 7], [233, 3], [220, 16], [137, 3], [66, 2], [34, 1]]","[[266, 5], [271, 3], [276, 4], [277, 2], [280, 5], [425, 5], [460, 3], [615, 3], [639, 3]]"
20.119,"[[260, 11], [253, 10], [241, 7], [233, 3], [220, 16], [137, 3], [66, 2], [34, 1]]","[[266, 5], [271, 3], [276, 4], [277, 2], [280, 5], [370, 3], [425, 5], [460, 3], [615, 3]]"
20.212,"[[260, 11], [253, 10], [241, 7], [233, 3], [220, 16], [137, 3], [66, 2], [34, 1]]","[[266, 5], [271, 3], [275, 4], [277, 2], [280, 5], [370, 3], [425, 5], [460, 3], [615, 3]]"
20.243,"[[260, 11], [253, 10], [241, 7], [233, 3], [220, 16], [137, 3], [66, 2], [34, 1]]","[[265, 5], [271, 3], [275, 4], [277, 2], [280, 5], [370, 3], [425, 5], [460, 3], [615, 3]]"
20.367,"[[260, 11], [253, 10], [241, 7], [233, 3], [220, 16], [137, 3], [66, 2], [34, 1]]","[[265, 5], [271, 3], [275, 4], [277, 2], [280, 5], [323, 3], [425, 5], [460, 3], [615, 3]]"
20.429,"[[260, 11], [253, 10], [241, 7], [233, 3], [220, 16], [137, 3], [66, 2], [34, 1]]","[[265, 5], [271, 3], [275, 4], [277, 2], [280, 5], [323, 3], [425, 5], [460, 3], [713, 3]]"
20.553,"[[260, 11], [253, 10], [241, 7], [233, 3], [220, 16], [137, 3], [66, 2], [34, 1]]","[[265, 5], [271, 3], [275, 4], [277, 2], [280, 5], [323, 3], [362, 5], [460, 3], [713, 3]]"
20.584,"[[260, 11], [253, 10], [241, 7], [233, 3], [220, 16], [137, 3], [66, 2], [34, 1]]","[[265, 5], [271, 3], [275, 4], [277, 2], [280, 5], [323, 3], [353, 3], [362, 5], [460, 3]]"
20.615,"[[260, 11], [253, 10], [241, 7], [233, 3], [220, 16], [101, 3], [66, 2], [34, 1]]","[[265, 5], [271, 3], [275, 4], [277, 2], [280, 5], [323, 3], [353, 3], [362, 5], [460, 3]]"
20.708,"[[260, 11], [253, 10], [241, 7], [233, 3], [220, 16], [101, 3], [66, 2], [34, 1]]","[[265, 5], [271, 3], [275, 4], [277, 2], [280, 5], [323, 3], [353, 3], [460, 3], [764, 5]]"
20.832,"[[260, 11], [253, 10], [241, 7], [233, 3], [220, 16], [101, 3], [66, 2], [34, 1]]","[[265, 5], [271, 3], [275, 4], [277, 2], [280, 5], [353, 3], [460, 3], [632, 3], [764, 5]]"
20.863,"[[260, 11], [253, 10], [241, 7], [233, 3], [220, 16], [101, 3], [66, 2], [34, 1]]","[[265, 5], [271, 3], [275, 4], [277, 2], [280, 5], [353, 3], [460, 3], [618, 5], [632, 3]]"
20.894,"[[260, 11], [253, 10], [241, 7], [233, 3], [220, 16], [126, 2], [101, 3], [34, 1]]","[[265, 5], [271, 3], [275, 4], [277, 2], [280, 5], [353, 3], [460, 3], [618, 5], [632, 3]]"
20.925,"[[260, 11], [253, 10], [241, 7], [233, 3], [220, 16], [186, 1], [126, 2], [101, 3]]","[[265, 5], [271, 3], [275, 4], [277, 2], [280, 5], [353, 3], [460, 3], [618, 5], [632, 3]]"
20.987,"[[261, 19], [260, 11], [253, 10], [241, 7], [233, 3], [220, 16], [186, 1], [126, 2], [101, 3]]","[[265, 5], [271, 3], [275, 4], [277, 2], [280, 5], [353, 3], [460, 3], [618, 5], [632, 3]]"
21.049,"[[261, 19], [260, 11], [253, 10], [241, 7], [233, 3], [220, 16], [186, 1], [126, 2], [101, 3]]","[[265, 5], [271, 3], [275, 4], [276, 2], [280, 5], [353, 3], [460, 3], [618, 5], [632, 3]]"
21.08,"[[261, 19], [260, 11], [253, 10], [241, 7], [233, 3], [220, 16], [186, 1], [126, 2], [101, 3]]","[[265, 5], [271, 3], [275, 4], [276, 2], [280, 5], [318, 5], [353, 3], [460, 3], [632, 3]]"
21.111,"[[262, 19], [260, 11], [253, 10], [241, 7], [233, 3], [220, 16], [186, 1], [126, 2], [101, 3]]","[[265, 5], [271, 3], [275, 4], [276, 2], [280, 5], [318, 5], [353, 3], [460, 3], [632, 3]]"
21.173,"[[262, 19], [260, 11], [253, 10], [241, 7], [234, 1], [233, 3], [220, 15], [186, 1], [126, 2], [101, 3]]","[[265, 5], [271, 3], [275, 4], [276, 2], [280, 5], [318, 5], [353, 3], [460, 3], [632, 3]]"
21.204,"[[262, 19], [260, 11], [253, 10], [241, 7], [237, 15], [234, 1], [233, 3], [186, 1], [126, 2], [101, 3]]","[[265, 5], [271, 3], [275, 4], [276, 2], [280, 5], [318, 5], [353, 3], [460, 3], [632, 3]]"
21.359,"[[262, 19], [260, 11], [253, 10], [241, 7], [239, 3], [237, 15], [234, 1], [186, 1], [126, 2], [101, 3]]","[[265, 5], [271, 3], [275, 4], [276, 2], [280, 5], [318, 5], [353, 3], [460, 3], [632, 3]]"
21.39,"[[262, 19], [260, 11], [253, 10], [241, 7], [239, 3], [237, 15], [234, 1], [186, 1], [126, 2], [101, 3]]","[[264, 5], [271, 3], [275, 4], [276, 2], [280, 5], [318, 5], [353, 3], [460, 3], [632, 3]]"
21.421,"[[262, 19], [260, 11], [253, 10], [241, 7], [239, 3], [237, 15], [234, 1], [186, 1], [101, 3]]","[[264, 5], [271, 3], [275, 4], [276, 2], [280, 5], [318, 5], [353, 3], [460, 3], [632, 3]]"
21.545,"[[262, 19], [260, 11], [253, 10], [241, 7], [239, 3], [237, 15], [234, 1], [186, 1], [101, 3], [20, 1]]","[[264, 5], [271, 3], [275, 4], [276, 2], [280, 5], [318, 5], [353, 3], [460, 3], [632, 3]]"
21.576,"[[263, 19], [260, 11], [253, 10], [241, 7], [239, 3], [237, 15], [234, 1], [186, 1], [101, 3], [20, 1]]","[[264, 5], [271, 3], [275, 4], [276, 2], [280, 5], [318, 5], [353, 3], [460, 3], [632, 3]]"
21.607,"[[263, 19], [260, 11], [253, 10], [241, 7], [239, 3], [237, 16], [186, 1], [101, 3], [20, 1]]","[[264, 5], [271, 3], [275, 4], [276, 2], [280, 5], [318, 5], [353, 3], [460, 3], [632, 3]]"
21.638,"[[263, 19], [260, 11], [253, 10], [241, 7], [239, 3], [237, 16], [186, 1], [101, 3], [20, 1]]","[[264, 5], [275, 7], [276, 2], [280, 5], [318, 5], [353, 3], [460, 3], [632, 3]]"
21.669,"[[263, 19], [260, 11], [253, 10], [241, 7], [239, 3], [237, 16], [186, 1], [101, 3], [20, 1]]","[[264, 5], [273, 2], [275, 7], [280, 5], [318, 5], [353, 3], [460, 3], [632, 3]]"
21.731,"[[263, 19], [260, 11], [253, 10], [239, 3], [237, 16], [186, 1], [101, 3], [20, 1]]","[[264, 5], [273, 2], [275, 7], [280, 5], [318, 5], [353, 3], [460, 3], [632, 3]]"
21.762,"[[263, 19], [260, 11], [239, 3], [237, 16], [186, 1], [114, 10], [101, 3], [20, 1]]","[[264, 5], [273, 2], [275, 7], [280, 5], [318, 5], [353, 3], [460, 3], [632, 3]]"
21.886,"[[264, 1], [263, 19], [260, 11], [239, 3], [237, 16], [186, 1], [114, 10], [101, 3], [20, 1]]","[[264, 5], [273, 2], [275, 7], [280, 5], [318, 5], [353, 3], [460, 3], [632, 3]]"
21.917,"[[263, 19], [260, 11], [239, 3], [237, 16], [186, 1], [114, 10], [101, 3], [20, 1]]","[[264, 4], [273, 2], [275, 7], [280, 5], [318, 5], [353, 3], [460, 3], [632, 3]]"
22.072,"[[263, 19], [260, 11], [239, 3], [237, 16], [186, 1], [114, 10], [101, 3], [20, 1]]","[[264, 4], [273, 2], [275, 7], [280, 5], [318, 5], [353, 3], [460, 3], [534, 3]]"
22.103,"[[263, 19], [260, 11], [240, 15], [239, 3], [237, 1], [186, 1], [114, 10], [101, 3], [20, 1]]","[[264, 4], [273, 2], [275, 7], [280, 5], [318, 5], [353, 3], [460, 3], [534, 3]]"
22.134,"[[263, 19], [260, 11], [240, 15], [239, 3], [237, 1], [186, 1], [114, 10], [101, 3], [20, 1]]","[[264, 4], [273, 2], [275, 7], [277, 5], [318, 5], [353, 3], [460, 3], [534, 3]]"
22.196,"[[263, 19], [260, 11], [240, 15], [239, 3], [237, 1], [186, 1], [114, 10], [101, 3], [20, 1]]","[[264, 4], [273, 2], [275, 7], [277, 5], [318, 5], [353, 3], [460, 3], [770, 3]]"
22.258,"[[264, 4], [263, 19], [260, 7], [240, 15], [239, 3], [237, 1], [186, 1], [114, 10], [101, 3], [20, 1]]","[[264, 4], [273, 2], [275, 3], [277, 5], [318, 5], [353, 3], [460, 3], [770, 3]]"
22.289,"[[263, 19], [260, 7], [240, 15], [239, 3], [237, 1], [186, 1], [114, 10], [101, 3], [20, 1]]","[[273, 2], [275, 3], [277, 5], [318, 5], [353, 3], [460, 3], [770, 3]]"
22.351,"[[263, 19], [260, 7], [244, 3], [240, 15], [237, 1], [186, 1], [114, 10], [101, 3], [20, 1]]","[[273, 2], [275, 3], [277, 5], [318, 5], [353, 3], [460, 3], [770, 3]]"
22.382,"[[263, 19], [260, 7], [244, 3], [240, 15], [237, 1], [186, 1], [114, 10], [101, 3], [20, 1]]","[[263, 1], [273, 2], [275, 3], [277, 5], [318, 5], [353, 3], [460, 3], [770, 3]]"
22.413,"[[263, 18], [260, 7], [244, 3], [240, 15], [237, 1], [186, 1], [114, 10], [101, 3], [20, 1]]","[[273, 2], [275, 3], [277, 5], [318, 5], [353, 3], [460, 3], [770, 3]]"
22.506,"[[263, 18], [260, 7], [244, 3], [240, 15], [237, 1], [186, 1], [114, 10], [101, 3], [20, 1]]","[[263, 2], [273, 2], [275, 3], [277, 5], [318, 5], [353, 3], [460, 3], [770, 3]]"
22.537,"[[263, 16], [260, 7], [244, 3], [240, 15], [237, 1], [186, 1], [114, 10], [101, 3], [20, 1]]","[[273, 2], [275, 3], [277, 5], [318, 5], [353, 3], [460, 3], [770, 3]]"
22.599,"[[263, 16], [260, 7], [244, 3], [240, 15], [237, 1], [186, 1], [114, 10], [101, 3], [20, 1]]","[[273, 2], [275, 3], [277, 5], [353, 3], [460, 3], [467, 5], [770, 3]]"
22.63,"[[263, 16], [260, 12], [244, 3], [240, 15], [237, 1], [186, 1], [114, 10], [101, 3], [20, 1]]","[[273, 2], [275, 3], [277, 5], [353, 3], [460, 3], [467, 5], [770, 3]]"
22.661,"[[263, 16], [260, 12], [244, 3], [240, 15], [237, 1], [236, 3], [186, 1], [114, 10], [20, 1]]","[[273, 2], [275, 3], [277, 5], [353, 3], [460, 3], [467, 5], [770, 3]]"
22.723,"[[263, 16], [260, 12], [244, 3], [240, 15], [237, 1], [236, 3], [234, 1], [186, 1], [114, 10]]","[[273, 2], [275, 3], [277, 5], [353, 3], [460, 3], [467, 5], [770, 3]]"
22.94,"[[263, 16], [260, 12], [244, 3], [240, 15], [237, 1], [236, 3], [234, 1], [186, 1], [114, 10]]","[[273, 2], [275, 3], [277, 5], [353, 3], [396, 3], [460, 3], [467, 5]]"
23.033,"[[264, 1], [263, 16], [260, 12], [244, 3], [240, 15], [237, 1], [236, 3], [234, 1], [186, 1], [114, 10]]","[[273, 2], [275, 3], [277, 5], [353, 3], [396, 3], [460, 3], [467, 5]]"
23.064,"[[264, 1], [263, 16], [260, 12], [250, 10], [244, 3], [240, 15], [237, 1], [236, 3], [234, 1], [186, 1]]","[[273, 2], [275, 3], [277, 5], [353, 3], [396, 3], [460, 3], [467, 5]]"
23.126,"[[265, 16], [264, 1], [260, 12], [250, 10], [244, 3], [240, 15], [237, 1], [236, 3], [234, 1], [186, 1]]","[[273, 2], [275, 3], [277, 5], [353, 3], [396, 3], [460, 3], [467, 5]]"
23.157,"[[265, 16], [264, 1], [260, 12], [250, 10], [244, 3], [240, 15], [237, 1], [236, 3], [234, 1], [186, 1]]","[[273, 2], [275, 8], [277, 5], [353, 3], [396, 3], [460, 3], [467, 5]]"
23.25,"[[265, 16], [264, 1], [260, 12], [250, 10], [244, 3], [240, 15], [237, 1], [236, 3], [234, 1], [172, 1]]","[[273, 2], [275, 8], [277, 5], [353, 3], [396, 3], [460, 3], [467, 5]]"
23.405,"[[265, 16], [264, 1], [260, 12], [251, 15], [250, 10], [244, 3], [237, 1], [236, 3], [234, 1], [172, 1]]","[[273, 2], [275, 8], [277, 5], [353, 3], [396, 3], [460, 3], [467, 5]]"
23.436,"[[266, 1], [265, 16], [260, 12], [251, 15], [250, 10], [244, 3], [237, 1], [236, 3], [234, 1], [172, 1]]","[[273, 2], [275, 8], [277, 5], [353, 3], [396, 3], [460, 3], [467, 5]]"
23.498,"[[267, 1], [265, 16], [260, 12], [251, 15], [250, 10], [244, 3], [237, 1], [236, 3], [234, 1], [172, 1]]","[[273, 2], [275, 8], [277, 5], [353, 3], [396, 3], [460, 3], [467, 5]]"
23.56,"[[268, 1], [265, 16], [260, 12], [251, 15], [250, 10], [244, 3], [237, 1], [236, 3], [234, 1], [172, 1]]","[[273, 2], [275, 8], [277, 5], [353, 3], [396, 3], [460, 3], [467, 5]]"
23.591,"[[268, 1], [265, 16], [260, 12], [251, 15], [244, 3], [237, 1], [236, 3], [234, 1], [172, 1], [3, 10]]","[[273, 2], [275, 8], [277, 5], [353, 3], [396, 3], [460, 3], [467, 5]]"
23.715,"[[268, 1], [265, 16], [260, 12], [257, 1], [251, 15], [244, 3], [236, 3], [234, 1], [172, 1], [3, 10]]","[[273, 2], [275, 8], [277, 5], [353, 3], [396, 3], [460, 3], [467, 5]]"
23.777,"[[268, 1], [265, 16], [260, 12], [257, 1], [251, 25], [244, 3], [236, 3], [234, 1], [172, 1]]","[[273, 2], [275, 8], [277, 5], [353, 3], [396, 3], [460, 3], [467, 5]]"
23.808,"[[268, 1], [265, 16], [260, 12], [257, 1], [251, 25], [244, 3], [236, 3], [234, 1], [172, 1]]","[[273, 2], [275, 8], [277, 5], [353, 3], [460, 3], [467, 5], [583, 3]]"
23.839,"[[268, 1], [265, 16], [260, 12], [257, 1], [254, 15], [251, 10], [244, 3], [236, 3], [234, 1], [172, 1]]","[[273, 2], [275, 8], [277, 5], [353, 3], [460, 3], [467, 5], [583, 3]]"
23.901,"[[268, 1], [265, 16], [260, 12], [257, 1], [254, 15], [251, 10], [244, 3], [236, 3], [234, 1], [172, 1]]","[[273, 2], [275, 8], [277, 5], [353, 3], [397, 5], [460, 3], [583, 3]]"
23.932,"[[268, 1], [265, 16], [261, 3], [260, 12], [257, 1], [254, 15], [251, 10], [236, 3], [234, 1], [172, 1]]","[[273, 2], [275, 8], [277, 5], [353, 3], [397, 5], [460, 3], [583, 3]]"
23.963,"[[268, 1], [267, 16], [261, 3], [260, 12], [257, 1], [254, 15], [251, 10], [236, 3], [234, 1], [172, 1]]","[[273, 2], [275, 8], [277, 5], [353, 3], [397, 5], [460, 3], [583, 3]]"
24.025,"[[268, 1], [267, 16], [261, 3], [260, 12], [257, 1], [254, 15], [251, 10], [236, 3], [234, 1], [30, 1]]","[[273, 2], [275, 8], [277, 5], [353, 3], [397, 5], [460, 3], [583, 3]]"
24.087,"[[268, 1], [267, 16], [261, 3], [260, 12], [257, 1], [254, 15], [236, 3], [234, 1], [207, 10], [30, 1]]","[[268, 1], [273, 2], [275, 8], [277, 5], [353, 3], [397, 5], [460, 3], [583, 3]]"
24.118,"[[267, 16], [261, 3], [260, 12], [257, 1], [254, 15], [236, 3], [234, 1], [207, 10], [30, 1]]","[[273, 2], [275, 8], [277, 5], [353, 3], [397, 5], [460, 3], [583, 3]]"
24.18,"[[267, 16], [261, 3], [260, 12], [257, 1], [254, 15], [236, 3], [234, 1], [207, 10], [30, 1]]","[[273, 2], [275, 8], [277, 5], [397, 5], [460, 3], [583, 3], [667, 3]]"
24.242,"[[267, 16], [261, 3], [260, 12], [257, 1], [254, 15], [236, 3], [234, 1], [207, 10], [30, 1]]","[[267, 2], [273, 2], [275, 8], [277, 5], [397, 5], [460, 3], [583, 3], [667, 3]]"
24.273,"[[267, 14], [261, 3], [260, 12], [257, 1], [254, 15], [236, 3], [234, 1], [207, 10], [30, 1]]","[[273, 2], [275, 8], [277, 5], [397, 5], [460, 3], [583, 3], [667, 3]]"
24.335,"[[267, 14], [261, 3], [260, 12], [257, 1], [254, 15], [236, 3], [234, 1], [207, 10]]","[[273, 2], [275, 8], [277, 5], [460, 3], [583, 3], [667, 3], [766, 5]]"
24.366,"[[267, 14], [261, 3], [260, 12], [257, 1], [254, 15], [236, 3], [234, 1], [207, 10]]","[[273, 2], [275, 8], [277, 5], [583, 3], [667, 3], [766, 5], [795, 3]]"
24.459,"[[267, 14], [261, 3], [260, 12], [257, 1], [254, 15], [236, 3], [234, 1], [207, 10]]","[[273, 2], [275, 8], [277, 5], [318, 3], [583, 3], [766, 5], [795, 3]]"
24.614,"[[267, 14], [261, 3], [260, 12], [257, 1], [254, 15], [236, 3], [234, 1], [207, 10]]","[[273, 2], [275, 8], [277, 5], [318, 3], [645, 3], [766, 5], [795, 3]]"
24.645,"[[261, 3], [260, 12], [257, 1], [254, 15], [236, 3], [234, 1], [207, 10]]","[[273, 2], [275, 8], [277, 5], [318, 3], [645, 3], [766, 5], [795, 3]]"
24.707,"[[261, 3], [260, 12], [257, 1], [254, 15], [236, 3], [234, 1], [207, 10]]","[[273, 2], [275, 8], [277, 5], [318, 3], [506, 3], [645, 3], [766, 5]]"
24.738,"[[261, 3], [260, 12], [257, 1], [254, 15], [236, 3], [234, 1], [207, 10], [168, 1]]","[[273, 2], [275, 8], [277, 5], [318, 3], [506, 3], [645, 3], [766, 5]]"
24.862,"[[261, 3], [260, 12], [257, 1], [254, 18], [236, 3], [234, 1], [207, 10], [168, 1]]","[[273, 2], [275, 8], [277, 5], [318, 3], [506, 3], [645, 3], [766, 5]]"
24.893,"[[261, 3], [260, 12], [257, 1], [254, 18], [236, 3], [234, 1], [207, 10], [168, 1]]","[[273, 2], [275, 8], [277, 5], [318, 3], [486, 3], [506, 3], [766, 5]]"
24.955,"[[261, 3], [260, 12], [257, 1], [254, 18], [236, 3], [234, 1], [207, 10], [168, 1]]","[[273, 2], [275, 8], [277, 5], [318, 3], [486, 3], [611, 3], [766, 5]]"
24.986,"[[261, 3], [260, 12], [257, 1], [254, 18], [236, 3], [234, 1], [168, 1], [35, 10]]","[[273, 2], [275, 8], [277, 5], [318, 3], [486, 3], [611, 3], [766, 5]]"
25.389,"[[261, 3], [260, 12], [257, 1], [254, 18], [236, 3], [168, 1], [39, 1], [35, 10]]","[[273, 2], [275, 8], [277, 5], [318, 3], [486, 3], [611, 3], [766, 5]]"
25.544,"[[262, 1], [261, 3], [260, 12], [257, 1], [254, 18], [236, 3], [168, 1], [39, 1], [35, 10]]","[[273, 2], [275, 8], [277, 5], [318, 3], [486, 3], [611, 3], [766, 5]]"
25.637,"[[262, 1], [261, 3], [260, 12], [257, 1], [254, 18], [168, 1], [43, 3], [39, 1], [35, 10]]","[[273, 2], [275, 8], [277, 5], [318, 3], [486, 3], [611, 3], [766, 5]]"
25.699,"[[262, 1], [261, 3], [260, 12], [257, 1], [254, 18], [168, 1], [121, 1], [43, 3], [35, 10]]","[[273, 2], [275, 8], [277, 5], [318, 3], [486, 3], [611, 3], [766, 5]]"
25.73,"[[262, 1], [261, 3], [260, 12], [257, 1], [254, 18], [168, 1], [121, 1], [43, 3], [35, 10]]","[[273, 2], [275, 8], [277, 5], [486, 3], [611, 3], [672, 3], [766, 5]]"
25.761,"[[262, 1], [261, 3], [260, 12], [257, 1], [254, 18], [132, 1], [121, 1], [43, 3], [35, 10]]","[[273, 2], [275, 8], [277, 5], [486, 3], [611, 3], [672, 3], [766, 5]]"
25.885,"[[262, 1], [261, 3], [260, 12], [257, 1], [254, 18], [174, 10], [132, 1], [121, 1], [43, 3]]","[[273, 2], [275, 8], [277, 5], [486, 3], [611, 3], [672, 3], [766, 5]]"
25.916,"[[262, 1], [261, 3], [260, 12], [257, 1], [254, 18], [212, 1], [174, 10], [121, 1], [43, 3]]","[[273, 2], [275, 8], [277, 5], [486, 3], [611, 3], [672, 3], [766, 5]]"
25.978,"[[263, 1], [261, 3], [260, 12], [257, 1], [254, 18], [212, 1], [174, 10], [121, 1], [43, 3]]","[[273, 2], [275, 8], [277, 5], [486, 3], [611, 3], [672, 3], [766, 5]]"
26.009,"[[263, 1], [261, 3], [260, 12], [257, 1], [254, 18], [212, 1], [174, 10], [121, 1], [43, 3]]","[[273, 2], [275, 8], [277, 5], [486, 3], [611, 3], [672, 3]]"
26.04,"[[263, 1], [261, 3], [260, 12], [255, 1], [254, 18], [212, 1], [174, 10], [121, 1], [43, 3]]","[[263, 1], [273, 2], [275, 8], [277, 5], [486, 3], [611, 3], [672, 3]]"
26.04,"[[263, 1], [261, 3], [260, 12], [255, 1], [254, 18], [212, 1], [174, 10], [121, 1], [43, 3]]","[[261, 2], [263, 1], [273, 2], [275, 8], [277, 5], [486, 3], [611, 3], [672, 3]]"
26.071,"[[261, 1], [260, 12], [255, 1], [254, 18], [212, 1], [174, 10], [121, 1], [43, 3]]","[[273, 2], [275, 8], [277, 5], [486, 3], [672, 3]]"
26.102,"[[261, 1], [260, 12], [255, 1], [254, 18], [174, 10], [143, 1], [121, 1], [43, 3]]","[[273, 2], [275, 8], [277, 5], [486, 3], [672, 3]]"
26.133,"[[270, 1], [261, 1], [260, 12], [255, 1], [254, 18], [174, 10], [143, 1], [121, 1], [43, 3]]","[[273, 2], [275, 8], [277, 5], [486, 3], [672, 3]]"
26.257,"[[270, 1], [261, 1], [260, 12], [255, 1], [254, 18], [174, 10], [143, 1], [121, 1], [43, 3]]","[[273, 2], [275, 8], [277, 5], [605, 3], [672, 3]]"
26.35,"[[270, 1], [261, 1], [260, 12], [255, 1], [254, 18], [174, 10], [143, 1], [121, 1], [43, 3]]","[[273, 2], [275, 8], [277, 5], [672, 3], [720, 3]]"
26.474,"[[270, 1], [261, 1], [260, 12], [255, 1], [254, 18], [174, 10], [143, 1], [121, 1], [43, 3]]","[[273, 2], [275, 8], [277, 5], [589, 5], [672, 3], [720, 3]]"
26.784,"[[270, 1], [261, 1], [260, 12], [255, 1], [254, 18], [174, 10], [143, 1], [121, 1], [46, 3]]","[[273, 2], [275, 8], [277, 5], [589, 5], [672, 3], [720, 3]]"
26.846,"[[270, 1], [261, 1], [260, 12], [255, 1], [254, 18], [174, 10], [143, 1], [121, 1], [46, 3]]","[[273, 2], [275, 8], [277, 5], [488, 3], [589, 5], [720, 3]]"
26.908,"[[270, 1], [261, 1], [260, 12], [255, 1], [254, 18], [174, 10], [143, 1], [94, 1], [46, 3]]","[[273, 2], [275, 8], [277, 5], [488, 3], [589, 5], [720, 3]]"
26.939,"[[270, 1], [261, 1], [260, 12], [255, 1], [254, 18], [174, 10], [143, 1], [94, 1], [46, 3]]","[[273, 2], [275, 8], [277, 5], [488, 3], [589, 5], [620, 3], [720, 3]]"
27.218,"[[270, 1], [261, 1], [260, 12], [255, 1], [254, 18], [174, 10], [143, 1], [94, 1], [46, 3]]","[[273, 2], [275, 8], [277, 5], [488, 3], [620, 3], [668, 5], [720, 3]]"
27.311,"[[270, 1], [261, 1], [260, 12], [255, 1], [254, 18], [174, 10], [143, 1], [94, 1]]","[[273, 2], [275, 8], [277, 5], [293, 3], [488, 3], [668, 5], [720, 3]]"
27.342,"[[270, 1], [261, 1], [260, 12], [255, 1], [254, 18], [232, 2], [174, 10], [143, 1], [94, 1]]","[[273, 2], [275, 8], [277, 5], [293, 3], [488, 3], [668, 5], [720, 3]]"
27.373,"[[270, 1], [260, 12], [255, 1], [254, 18], [232, 2], [174, 10], [143, 1], [94, 1]]","[[273, 2], [275, 8], [277, 5], [293, 3], [488, 3], [668, 5], [720, 3]]"
27.435,"[[270, 1], [260, 12], [257, 1], [254, 18], [232, 2], [174, 10], [143, 1], [94, 1]]","[[273, 2], [275, 8], [277, 5], [293, 3], [488, 3], [668, 5], [720, 3]]"
27.497,"[[270, 1], [260, 13], [257, 1], [254, 18], [232, 2], [174, 10], [143, 1], [94, 1]]","[[273, 2], [275, 8], [277, 5], [293, 3], [488, 3], [668, 5], [720, 3]]"
27.559,"[[270, 1], [260, 13], [257, 1], [254, 18], [232, 2], [143, 1], [136, 10], [94, 1]]","[[273, 2], [275, 8], [277, 5], [293, 3], [488, 3], [668, 5], [720, 3]]"
27.652,"[[270, 1], [260, 13], [257, 1], [254, 18], [232, 2], [143, 1], [136, 10], [94, 1]]","[[273, 2], [275, 8], [277, 5], [293, 3], [529, 3], [668, 5], [720, 3]]"
27.745,"[[270, 1], [260, 13], [257, 1], [254, 18], [232, 2], [143, 1], [136, 10], [94, 1]]","[[270, 1], [273, 2], [275, 8], [277, 5], [293, 3], [529, 3], [668, 5], [720, 3]]"
27.776,"[[260, 13], [257, 1], [254, 18], [232, 2], [143, 1], [136, 10], [94, 1]]","[[273, 2], [275, 8], [277, 5], [293, 3], [529, 3], [720, 3]]"
27.838,"[[260, 13], [257, 1], [254, 18], [232, 2], [143, 1], [136, 10], [94, 1]]","[[273, 2], [275, 8], [277, 5], [293, 3], [720, 3]]"
28.21,"[[260, 13], [257, 1], [254, 18], [232, 2], [143, 1], [136, 10], [94, 1]]","[[273, 2], [275, 8], [277, 5], [514, 3], [720, 3]]"
28.303,"[[260, 13], [257, 1], [254, 18], [232, 2], [143, 1], [136, 10], [94, 1]]","[[273, 2], [275, 8], [277, 5], [309, 4], [514, 3], [720, 3]]"
28.396,"[[260, 13], [257, 1], [254, 18], [232, 2], [207, 1], [136, 10], [94, 1]]","[[273, 2], [275, 8], [277, 5], [309, 4], [514, 3], [720, 3]]"
28.52,"[[260, 13], [257, 1], [255, 3], [254, 15], [232, 2], [207, 1], [136, 10], [94, 1]]","[[273, 2], [275, 8], [277, 5], [309, 4], [514, 3], [720, 3]]"
28.582,"[[260, 13], [257, 1], [255, 3], [254, 15], [232, 2], [207, 1], [136, 10], [94, 1]]","[[273, 2], [275, 8], [277, 5], [309, 4], [514, 3], [667, 3], [720, 3]]"
28.613,"[[260, 13], [257, 1], [255, 3], [254, 15], [232, 2], [207, 1], [136, 10], [94, 1]]","[[273, 2], [275, 8], [277, 5], [336, 4], [514, 3], [667, 3], [720, 3]]"
28.675,"[[260, 13], [257, 1], [255, 3], [254, 15], [207, 1], [136, 10], [94, 1], [48, 2]]","[[273, 2], [275, 8], [277, 5], [336, 4], [514, 3], [667, 3], [720, 3]]"
28.799,"[[260, 13], [257, 1], [255, 3], [254, 15], [136, 10], [94, 1], [63, 1], [48, 2]]","[[273, 2], [275, 8], [277, 5], [336, 4], [514, 3], [667, 3], [720, 3]]"
28.923,"[[260, 13], [257, 1], [255, 3], [254, 15], [136, 10], [94, 1], [63, 1], [48, 2]]","[[273, 2], [275, 8], [277, 5], [336, 4], [468, 3], [514, 3], [667, 3]]"
29.45,"[[260, 13], [257, 1], [255, 3], [254, 15], [136, 10], [94, 1], [63, 1], [48, 2]]","[[273, 2], [275, 5], [277, 5], [336, 4], [468, 3], [514, 3], [667, 3]]"
29.481,"[[260, 13], [257, 1], [255, 3], [254, 15], [136, 10], [94, 1], [63, 1], [48, 2]]","[[273, 2], [275, 5], [277, 5], [297, 3], [336, 4], [468, 3], [514, 3]]"
29.574,"[[260, 13], [257, 1], [255, 3], [254, 15], [94, 1], [66, 10], [63, 1], [48, 2]]","[[273, 2], [275, 5], [277, 5], [297, 3], [336, 4], [468, 3], [514, 3]]"
29.605,"[[260, 13], [257, 1], [255, 3], [254, 15], [94, 1], [66, 10], [63, 1], [48, 2]]","[[273, 2], [275, 5], [277, 5], [336, 4], [370, 3], [468, 3], [514, 3]]"
29.667,"[[260, 13], [257, 1], [255, 3], [254, 15], [94, 1], [66, 10], [63, 1], [48, 2]]","[[273, 2], [275, 5], [277, 5], [370, 3], [468, 3], [514, 3], [657, 4]]"
29.822,"[[260, 13], [257, 1], [255, 3], [254, 15], [245, 10], [94, 1], [63, 1], [48, 2]]","[[273, 2], [275, 5], [277, 5], [370, 3], [468, 3], [514, 3], [657, 4]]"
30.101,"[[260, 13], [257, 1], [255, 3], [254, 15], [245, 10], [94, 1], [63, 1], [48, 2]]","[[273, 2], [275, 5], [277, 5], [370, 3], [468, 3], [514, 3], [536, 4]]"
30.194,"[[260, 13], [257, 1], [255, 3], [254, 15], [245, 10], [94, 1], [63, 1], [48, 2]]","[[273, 2], [275, 5], [277, 5], [370, 3], [514, 3], [536, 4], [635, 3]]"
30.256,"[[260, 13], [257, 1], [255, 3], [254, 15], [245, 10], [216, 1], [63, 1], [48, 2]]","[[273, 2], [275, 5], [277, 5], [370, 3], [514, 3], [536, 4], [635, 3]]"
30.287,"[[260, 13], [257, 1], [255, 3], [254, 15], [245, 10], [216, 1], [63, 1], [48, 2]]","[[273, 2], [275, 7], [277, 5], [370, 3], [514, 3], [536, 4], [635, 3]]"
30.349,"[[260, 13], [257, 1], [255, 3], [254, 15], [245, 10], [216, 1], [63, 1], [48, 2]]","[[273, 2], [275, 7], [277, 5], [364, 3], [514, 3], [536, 4], [635, 3]]"
30.69,"[[260, 13], [257, 1], [255, 3], [254, 15], [245, 10], [216, 1], [174, 2], [63, 1]]","[[273, 2], [275, 7], [277, 5], [364, 3], [514, 3], [536, 4], [635, 3]]"
30.783,"[[260, 13], [257, 1], [255, 3], [254, 15], [245, 10], [216, 1], [174, 2], [63, 1]]","[[273, 2], [275, 7], [277, 5], [310, 3], [364, 3], [514, 3], [536, 4]]"
30.814,"[[260, 13], [257, 1], [255, 3], [254, 15], [241, 10], [216, 1], [174, 2], [63, 1]]","[[273, 2], [275, 7], [277, 5], [310, 3], [364, 3], [514, 3], [536, 4]]"
31.062,"[[260, 13], [257, 1], [255, 3], [254, 15], [216, 1], [174, 2], [63, 1], [17, 10]]","[[273, 2], [275, 7], [277, 5], [310, 3], [364, 3], [514, 3], [536, 4]]"
31.31,"[[260, 13], [257, 1], [255, 3], [254, 15], [216, 1], [174, 2], [44, 1], [17, 10]]","[[273, 2], [275, 7], [277, 5], [310, 3], [364, 3], [514, 3], [536, 4]]"
31.341,"[[260, 13], [257, 1], [255, 3], [254, 15], [216, 1], [174, 2], [44, 1], [17, 10]]","[[273, 2], [275, 7], [277, 5], [310, 3], [364, 3], [398, 3], [536, 4]]"
31.403,"[[260, 13], [257, 1], [255, 3], [254, 15], [216, 1], [174, 2], [44, 1], [17, 10]]","[[275, 7], [277, 5], [310, 3], [364, 3], [398, 3], [536, 4]]"
31.589,"[[260, 13], [257, 1], [255, 3], [254, 15], [216, 1], [174, 2], [44, 1], [17, 10]]","[[275, 7], [276, 3], [277, 5], [310, 3], [398, 3], [536, 4]]"
31.651,"[[260, 13], [257, 1], [255, 3], [254, 15], [216, 1], [174, 2], [44, 1], [17, 10]]","[[272, 1], [275, 7], [276, 3], [277, 5], [310, 3], [398, 3], [536, 4]]"
31.775,"[[260, 13], [257, 1], [255, 3], [254, 15], [216, 1], [174, 2], [44, 1], [17, 10]]","[[272, 1], [275, 12], [276, 3], [310, 3], [398, 3], [536, 4]]"
31.806,"[[260, 13], [257, 1], [255, 3], [254, 15], [216, 1], [174, 2], [91, 1], [17, 10]]","[[272, 1], [275, 12], [276, 3], [310, 3], [398, 3], [536, 4]]"
31.992,"[[260, 13], [257, 1], [255, 3], [254, 15], [216, 1], [174, 2], [17, 10], [3, 1]]","[[272, 1], [275, 12], [276, 3], [310, 3], [398, 3], [536, 4]]"
32.085,"[[260, 13], [257, 1], [255, 3], [254, 15], [216, 1], [174, 2], [17, 10], [3, 1]]","[[272, 1], [275, 12], [276, 3], [310, 3], [536, 4], [790, 3]]"
32.116,"[[260, 13], [257, 1], [255, 3], [254, 15], [225, 10], [216, 1], [174, 2], [3, 1]]","[[272, 1], [275, 12], [276, 3], [310, 3], [536, 4], [790, 3]]"
32.302,"[[260, 13], [257, 1], [255, 3], [254, 15], [225, 10], [216, 1], [174, 2], [3, 1]]","[[272, 1], [275, 12], [310, 3], [536, 4], [779, 3], [790, 3]]"
32.395,"[[260, 13], [257, 1], [255, 3], [254, 15], [225, 10], [216, 1], [174, 2], [3, 1]]","[[272, 1], [274, 2], [275, 10], [310, 3], [536, 4], [779, 3], [790, 3]]"
32.488,"[[260, 13], [257, 1], [255, 3], [254, 15], [225, 10], [216, 1], [174, 2], [3, 1]]","[[272, 1], [274, 2], [275, 10], [310, 3], [474, 4], [779, 3], [790, 3]]"
32.519,"[[260, 13], [257, 1], [255, 3], [254, 15], [216, 1], [174, 2], [82, 10], [3, 1]]","[[272, 1], [274, 2], [275, 10], [310, 3], [474, 4], [779, 3], [790, 3]]"
32.581,"[[260, 13], [257, 1], [255, 3], [254, 15], [216, 1], [174, 2], [82, 10], [3, 1]]","[[271, 5], [272, 1], [274, 2], [275, 10], [310, 3], [474, 4], [779, 3], [790, 3]]"
32.829,"[[260, 13], [257, 1], [255, 3], [254, 15], [216, 1], [174, 2], [82, 10], [3, 1]]","[[271, 5], [272, 1], [275, 12], [310, 3], [474, 4], [779, 3], [790, 3]]"
32.953,"[[260, 13], [257, 1], [255, 3], [254, 15], [216, 1], [174, 2], [82, 10], [3, 1]]","[[271, 5], [272, 1], [275, 12], [474, 4], [750, 3], [779, 3], [790, 3]]"
33.077,"[[260, 13], [257, 1], [255, 3], [254, 15], [216, 1], [174, 2], [28, 10], [3, 1]]","[[271, 5], [272, 1], [275, 12], [474, 4], [750, 3], [779, 3], [790, 3]]"
33.139,"[[266, 1], [260, 13], [257, 1], [255, 3], [254, 15], [174, 2], [28, 10], [3, 1]]","[[271, 5], [272, 1], [275, 12], [474, 4], [750, 3], [779, 3], [790, 3]]"
33.201,"[[266, 1], [260, 13], [256, 1], [255, 3], [254, 15], [174, 2], [28, 10], [3, 1]]","[[271, 5], [272, 1], [275, 12], [474, 4], [750, 3], [779, 3], [790, 3]]"
33.325,"[[266, 1], [260, 13], [256, 1], [255, 3], [254, 15], [174, 2], [28, 10], [3, 1]]","[[271, 5], [272, 1], [275, 12], [396, 3], [474, 4], [750, 3], [790, 3]]"
33.356,"[[266, 1], [260, 13], [256, 16], [255, 3], [174, 2], [28, 10], [3, 1]]","[[271, 5], [272, 1], [275, 12], [396, 3], [474, 4], [750, 3], [790, 3]]"
33.387,"[[266, 1], [260, 13], [256, 16], [255, 3], [174, 2], [166, 10], [3, 1]]","[[271, 5], [272, 1], [275, 12], [396, 3], [474, 4], [750, 3], [790, 3]]"
33.511,"[[266, 1], [260, 13], [256, 16], [255, 3], [174, 2], [166, 10], [3, 1]]","[[271, 5], [272, 1], [275, 12], [396, 3], [471, 3], [474, 4], [750, 3]]"
33.542,"[[266, 1], [260, 13], [256, 16], [255, 3], [174, 2], [166, 10], [3, 1]]","[[271, 5], [272, 1], [275, 7], [396, 3], [471, 3], [474, 4], [750, 3]]"
33.573,"[[266, 1], [260, 12], [257, 1], [256, 16], [255, 3], [174, 2], [166, 10], [3, 1]]","[[271, 5], [272, 1], [275, 7], [396, 3], [471, 3], [474, 4], [750, 3]]"
33.666,"[[266, 1], [260, 12], [257, 1], [256, 16], [255, 3], [174, 2], [166, 10], [3, 1]]","[[271, 5], [272, 1], [275, 7], [393, 3], [396, 3], [471, 3], [474, 4]]"
33.759,"[[260, 12], [257, 1], [256, 16], [255, 3], [248, 1], [174, 2], [166, 10], [3, 1]]","[[271, 5], [272, 1], [275, 7], [393, 3], [396, 3], [471, 3], [474, 4]]"
33.79,"[[260, 12], [257, 1], [256, 16], [255, 3], [248, 1], [224, 2], [166, 10], [3, 1]]","[[271, 5], [272, 1], [275, 7], [393, 3], [396, 3], [471, 3], [474, 4]]"
33.852,"[[260, 12], [257, 1], [256, 16], [255, 3], [248, 1], [224, 2], [166, 10], [146, 1]]","[[271, 5], [272, 1], [275, 7], [393, 3], [396, 3], [471, 3], [474, 4]]"
34.007,"[[260, 12], [257, 1], [256, 16], [255, 3], [248, 1], [224, 2], [166, 10], [146, 1]]","[[268, 1], [271, 5], [275, 7], [393, 3], [396, 3], [471, 3], [474, 4]]"
34.038,"[[260, 12], [257, 1], [256, 16], [255, 3], [224, 2], [166, 10], [146, 1], [103, 1]]","[[268, 1], [271, 5], [275, 7], [393, 3], [396, 3], [471, 3], [474, 4]]"
34.255,"[[260, 12], [257, 1], [256, 16], [255, 3], [224, 2], [166, 10], [146, 1], [103, 1]]","[[267, 5], [268, 1], [275, 7], [393, 3], [396, 3], [471, 3], [474, 4]]"
34.286,"[[260, 12], [257, 1], [256, 16], [255, 3], [224, 2], [166, 10], [103, 1], [71, 1]]","[[267, 5], [268, 1], [275, 7], [393, 3], [396, 3], [471, 3], [474, 4]]"
34.348,"[[260, 12], [257, 1], [256, 16], [255, 3], [224, 2], [166, 10], [111, 1], [71, 1]]","[[267, 5], [268, 1], [275, 7], [393, 3], [396, 3], [471, 3], [474, 4]]"
34.565,"[[260, 12], [257, 1], [256, 16], [255, 3], [224, 2], [166, 10], [71, 1], [62, 1]]","[[267, 5], [268, 1], [275, 7], [393, 3], [396, 3], [471, 3], [474, 4]]"
34.596,"[[260, 12], [257, 1], [256, 16], [255, 3], [224, 2], [166, 10], [71, 1], [62, 1]]","[[267, 5], [268, 1], [275, 11], [393, 3], [396, 3], [471, 3], [474, 4]]"
34.658,"[[260, 12], [257, 1], [256, 16], [255, 3], [172, 2], [166, 10], [71, 1], [62, 1]]","[[267, 5], [268, 1], [275, 11], [393, 3], [396, 3], [471, 3], [474, 4]]"
34.689,"[[260, 12], [257, 1], [256, 16], [255, 3], [172, 2], [166, 10], [71, 1], [62, 1]]","[[267, 5], [268, 1], [275, 11], [393, 3], [471, 3], [474, 4], [770, 3]]"
34.72,"[[260, 12], [257, 1], [256, 16], [255, 3], [172, 2], [166, 10], [62, 1], [35, 1]]","[[267, 5], [268, 1], [275, 11], [393, 3], [471, 3], [474, 4], [770, 3]]"
34.751,"[[260, 12], [257, 1], [256, 16], [255, 3], [172, 2], [166, 10], [62, 1], [35, 1]]","[[267, 5], [268, 1], [273, 2], [275, 9], [393, 3], [471, 3], [474, 4], [770, 3]]"
34.782,"[[260, 12], [257, 1], [256, 16], [255, 3], [172, 2], [166, 10], [62, 1], [35, 1]]","[[266, 5], [268, 1], [273, 2], [275, 9], [393, 3], [471, 3], [474, 4], [770, 3]]"
34.875,"[[260, 12], [257, 1], [256, 16], [255, 3], [172, 2], [166, 10], [62, 1], [35, 1]]","[[265, 5], [268, 1], [273, 2], [275, 9], [393, 3], [471, 3], [474, 4], [770, 3]]"
34.906,"[[260, 12], [257, 1], [256, 16], [255, 3], [172, 2], [166, 10], [62, 1], [35, 1]]","[[265, 5], [268, 1], [273, 2], [275, 5], [276, 4], [393, 3], [471, 3], [474, 4], [770, 3]]"
34.968,"[[260, 12], [257, 1], [256, 16], [255, 3], [172, 2], [166, 10], [62, 1], [35, 1]]","[[265, 5], [268, 1], [273, 2], [275, 5], [276, 4], [393, 3], [399, 3], [474, 4], [770, 3]]"
34.999,"[[260, 12], [257, 1], [256, 16], [255, 3], [172, 2], [166, 10], [62, 1], [35, 1]]","[[265, 5], [273, 2], [274, 1], [275, 5], [276, 4], [393, 3], [399, 3], [474, 4], [770, 3]]"
35.061,"[[260, 12], [257, 1], [256, 16], [255, 3], [172, 2], [166, 10], [62, 1], [35, 1]]","[[265, 5], [271, 2], [274, 1], [275, 5], [276, 4], [393, 3], [399, 3], [474, 4], [770, 3]]"
35.216,"[[260, 12], [257, 1], [256, 16], [255, 3], [172, 2], [166, 10], [62, 1], [35, 1]]","[[265, 5], [271, 2], [274, 1], [275, 5], [276, 4], [393, 3], [399, 3], [770, 3], [783, 4]]"
35.278,"[[263, 1], [260, 12], [257, 1], [256, 16], [255, 3], [172, 2], [166, 10], [62, 1], [35, 1]]","[[265, 5], [271, 2], [274, 1], [275, 5], [276, 4], [393, 3], [399, 3], [770, 3], [783, 4]]"
35.309,"[[263, 1], [260, 12], [257, 1], [256, 16], [255, 3], [172, 2], [166, 10], [62, 1], [35, 1]]","[[265, 5], [271, 2], [274, 1], [275, 5], [276, 4], [393, 3], [593, 3], [770, 3], [783, 4]]"
35.371,"[[263, 1], [260, 12], [257, 1], [256, 16], [255, 3], [172, 2], [166, 10], [62, 1], [35, 1]]","[[265, 5], [271, 2], [274, 1], [275, 5], [276, 4], [393, 3], [489, 3], [593, 3], [783, 4]]"
35.464,"[[263, 1], [260, 12], [257, 1], [256, 16], [255, 3], [166, 10], [87, 2], [62, 1], [35, 1]]","[[265, 5], [271, 2], [274, 1], [275, 5], [276, 4], [393, 3], [489, 3], [593, 3], [783, 4]]"
35.557,"[[263, 1], [260, 12], [257, 1], [256, 16], [255, 3], [166, 10], [87, 2], [62, 1], [35, 1]]","[[264, 5], [271, 2], [274, 1], [275, 5], [276, 4], [393, 3], [489, 3], [593, 3], [783, 4]]"
35.619,"[[263, 1], [260, 12], [257, 1], [256, 16], [255, 3], [166, 11], [87, 2], [62, 1]]","[[264, 5], [271, 2], [274, 1], [275, 5], [276, 4], [393, 3], [489, 3], [593, 3], [783, 4]]"
35.65,"[[263, 1], [260, 12], [257, 1], [256, 16], [255, 3], [169, 2], [166, 11], [62, 1]]","[[264, 5], [271, 2], [274, 1], [275, 5], [276, 4], [393, 3], [489, 3], [593, 3], [783, 4]]"
35.681,"[[263, 1], [260, 12], [257, 1], [256, 16], [255, 3], [169, 2], [166, 1], [62, 1]]","[[264, 5], [274, 1], [275, 7], [276, 4], [393, 3], [489, 3], [593, 3], [783, 4]]"
35.743,"[[263, 1], [260, 12], [257, 1], [256, 16], [255, 3], [166, 1], [129, 2], [62, 1]]","[[264, 5], [274, 1], [275, 7], [276, 4], [393, 3], [489, 3], [593, 3], [783, 4]]"
35.774,"[[263, 1], [260, 12], [257, 1], [256, 16], [255, 3], [166, 1], [129, 2], [62, 1]]","[[264, 5], [269, 5], [274, 1], [275, 2], [276, 4], [393, 3], [489, 3], [593, 3], [783, 4]]"
35.991,"[[263, 1], [260, 12], [257, 1], [256, 16], [255, 3], [192, 2], [166, 1], [62, 1]]","[[264, 5], [269, 5], [274, 1], [275, 2], [276, 4], [393, 3], [489, 3], [593, 3], [783, 4]]"
36.053,"[[263, 1], [260, 12], [257, 1], [256, 16], [255, 3], [192, 2], [166, 1], [62, 1]]","[[264, 5], [269, 5], [274, 1], [275, 2], [276, 4], [393, 3], [489, 3], [507, 3], [783, 4]]"
36.084,"[[263, 1], [260, 12], [257, 1], [256, 16], [255, 3], [192, 2], [166, 1], [62, 1]]","[[264, 5], [269, 5], [274, 1], [275, 2], [276, 4], [489, 3], [507, 3], [521, 3], [783, 4]]"
36.115,"[[263, 1], [260, 12], [257, 1], [256, 16], [255, 3], [192, 2], [166, 1], [62, 1]]","[[264, 5], [269, 5], [275, 3], [276, 4], [489, 3], [507, 3], [521, 3], [783, 4]]"
36.177,"[[263, 1], [260, 12], [257, 1], [256, 16], [255, 3], [203, 1], [192, 2], [62, 1]]","[[264, 5], [269, 5], [275, 3], [276, 4], [489, 3], [507, 3], [521, 3], [783, 4]]"
36.27,"[[263, 1], [260, 12], [257, 1], [256, 16], [255, 3], [203, 1], [115, 2], [62, 1]]","[[264, 5], [269, 5], [275, 3], [276, 4], [489, 3], [507, 3], [521, 3], [783, 4]]"
36.363,"[[263, 1], [260, 12], [257, 1], [256, 16], [255, 3], [216, 5], [203, 1], [115, 2], [62, 1]]","[[264, 5], [269, 5], [275, 3], [276, 4], [489, 3], [507, 3], [521, 3], [783, 4]]"
36.456,"[[263, 1], [260, 12], [257, 1], [256, 16], [255, 3], [216, 5], [203, 1], [115, 2], [62, 1]]","[[263, 1], [264, 5], [269, 5], [275, 3], [276, 4], [489, 3], [507, 3], [521, 3], [783, 4]]"
36.487,"[[260, 12], [257, 1], [256, 16], [255, 3], [216, 5], [203, 1], [115, 2], [62, 1]]","[[269, 5], [275, 3], [276, 4], [489, 3], [507, 3], [521, 3], [783, 4]]"
36.518,"[[260, 12], [257, 1], [256, 16], [255, 3], [216, 5], [203, 1], [115, 2], [62, 1]]","[[269, 5], [275, 3], [276, 4], [489, 3], [507, 3], [522, 3], [783, 4]]"
36.549,"[[260, 12], [257, 1], [256, 16], [255, 3], [216, 5], [203, 1], [115, 2], [62, 1]]","[[268, 4], [269, 5], [275, 3], [276, 4], [489, 3], [507, 3], [522, 3], [783, 4]]"
36.58,"[[260, 12], [257, 1], [256, 16], [255, 3], [233, 2], [216, 5], [203, 1], [62, 1]]","[[268, 4], [269, 5], [275, 3], [276, 4], [489, 3], [507, 3], [522, 3], [783, 4]]"
36.611,"[[260, 12], [257, 1], [256, 16], [255, 3], [233, 2], [216, 5], [203, 1], [62, 1]]","[[264, 3], [268, 4], [269, 5], [275, 3], [276, 4], [489, 3], [522, 3], [783, 4]]"
36.766,"[[260, 12], [257, 1], [256, 16], [255, 3], [239, 1], [233, 2], [216, 5], [203, 1]]","[[264, 3], [268, 4], [269, 5], [275, 3], [276, 4], [489, 3], [522, 3], [783, 4]]"
36.828,"[[260, 12], [257, 1], [256, 16], [255, 3], [239, 1], [233, 2], [216, 5], [203, 1]]","[[263, 3], [264, 3], [268, 4], [269, 5], [275, 3], [276, 4], [489, 3], [783, 4]]"
36.859,"[[260, 12], [257, 1], [256, 15], [255, 3], [254, 1], [239, 1], [233, 2], [216, 5], [203, 1]]","[[263, 3], [264, 3], [268, 4], [269, 5], [275, 3], [276, 4], [489, 3], [783, 4]]"
36.952,"[[260, 12], [257, 1], [256, 15], [255, 3], [254, 1], [239, 1], [233, 2], [216, 5], [203, 1]]","[[263, 3], [264, 3], [268, 4], [269, 5], [273, 2], [275, 1], [276, 4], [489, 3], [783, 4]]"
36.983,"[[261, 1], [260, 12], [257, 1], [256, 15], [255, 3], [254, 1], [239, 1], [233, 2], [216, 5], [203, 1]]","[[263, 3], [264, 3], [268, 4], [269, 5], [273, 2], [275, 1], [276, 4], [489, 3], [783, 4]]"
37.014,"[[261, 1], [260, 12], [257, 1], [256, 15], [255, 3], [254, 1], [239, 1], [233, 2], [216, 5], [177, 1]]","[[263, 3], [264, 3], [268, 4], [269, 5], [273, 2], [275, 1], [276, 4], [489, 3], [783, 4]]"
37.076,"[[261, 1], [260, 12], [257, 1], [256, 15], [255, 3], [250, 1], [239, 1], [233, 2], [216, 5], [177, 1]]","[[263, 3], [264, 3], [268, 4], [269, 5], [273, 2], [275, 1], [276, 4], [489, 3], [783, 4]]"
37.107,"[[261, 1], [260, 12], [257, 1], [256, 15], [255, 3], [250, 1], [239, 1], [233, 2], [216, 5], [177, 1]]","[[263, 3], [264, 3], [268, 4], [269, 5], [273, 2], [275, 1], [276, 4], [759, 3], [783, 4]]"
37.2,"[[261, 1], [260, 12], [256, 15], [255, 3], [254, 1], [250, 1], [239, 1], [233, 2], [216, 5], [177, 1]]","[[263, 3], [264, 3], [268, 4], [269, 5], [273, 2], [275, 1], [276, 4], [759, 3], [783, 4]]"
37.293,"[[261, 1], [260, 12], [256, 15], [254, 1], [252, 3], [250, 1], [239, 1], [233, 2], [216, 5], [177, 1]]","[[263, 3], [264, 3], [268, 4], [269, 5], [273, 2], [275, 1], [276, 4], [759, 3], [783, 4]]"
37.355,"[[261, 1], [260, 12], [256, 15], [254, 1], [252, 3], [250, 1], [239, 1], [233, 2], [216, 5], [177, 1]]","[[262, 4], [263, 3], [264, 3], [269, 5], [273, 2], [275, 1], [276, 4], [759, 3], [783, 4]]"
37.417,"[[261, 1], [260, 12], [256, 15], [254, 1], [252, 3], [250, 1], [239, 1], [233, 2], [216, 5], [177, 1]]","[[262, 4], [263, 3], [264, 3], [269, 5], [273, 2], [275, 1], [276, 4], [575, 3], [783, 4]]"
37.479,"[[261, 1], [260, 12], [256, 15], [254, 1], [252, 3], [250, 1], [239, 1], [216, 5], [182, 2], [177, 1]]","[[262, 4], [263, 3], [264, 3], [269, 5], [273, 2], [275, 1], [276, 4], [575, 3], [783, 4]]"
37.541,"[[261, 1], [260, 12], [256, 15], [254, 1], [252, 3], [250, 1], [239, 1], [237, 1], [216, 5], [182, 2]]","[[262, 4], [263, 3], [264, 3], [269, 5], [273, 2], [275, 1], [276, 4], [575, 3], [783, 4]]"
37.572,"[[261, 1], [260, 12], [256, 15], [254, 1], [252, 3], [250, 1], [239, 1], [237, 1], [216, 5], [182, 2]]","[[261, 1], [262, 4], [263, 3], [264, 3], [269, 5], [273, 2], [275, 1], [276, 4], [575, 3], [783, 4]]"
37.572,"[[261, 1], [260, 12], [256, 15], [254, 1], [252, 3], [250, 1], [239, 1], [237, 1], [216, 5], [182, 2]]","[[260, 4], [261, 1], [262, 4], [263, 3], [264, 3], [269, 5], [273, 2], [275, 1], [276, 4], [575, 3], [783, 4]]"
37.603,"[[260, 8], [256, 15], [254, 1], [252, 3], [250, 1], [239, 1], [237, 1], [216, 5], [182, 2]]","[[262, 4], [263, 3], [264, 3], [269, 5], [273, 2], [275, 1], [276, 4], [575, 3], [783, 4]]"
37.696,"[[260, 8], [256, 15], [254, 1], [252, 3], [250, 1], [239, 1], [237, 1], [216, 5], [182, 2]]","[[262, 4], [263, 3], [264, 3], [269, 5], [271, 1], [273, 2], [276, 4], [575, 3], [783, 4]]"
37.758,"[[260, 1], [256, 15], [254, 1], [252, 3], [250, 1], [239, 1], [237, 1], [216, 5], [182, 2]]","[[262, 4], [263, 3], [264, 3], [269, 5], [271, 1], [273, 2], [276, 4], [447, 4], [575, 3], [783, 4]]"
37.82,"[[260, 1], [256, 15], [254, 1], [252, 3], [250, 1], [239, 1], [237, 1], [216, 5], [182, 2]]","[[262, 4], [263, 3], [264, 3], [269, 5], [271, 1], [273, 2], [277, 4], [447, 4], [575, 3], [783, 4]]"
37.913,"[[260, 1], [259, 8], [256, 15], [254, 1], [252, 3], [250, 1], [239, 1], [237, 1], [216, 5], [182, 2]]","[[262, 4], [263, 3], [264, 3], [269, 5], [271, 1], [273, 2], [277, 4], [447, 4], [575, 3], [783, 4]]"
37.975,"[[260, 1], [259, 8], [256, 15], [254, 1], [252, 3], [250, 1], [239, 1], [237, 1], [216, 5], [182, 2]]","[[261, 3], [262, 4], [264, 3], [269, 5], [271, 1], [273, 2], [277, 4], [447, 4], [575, 3], [783, 4]]"
38.037,"[[260, 1], [259, 8], [256, 15], [254, 1], [252, 3], [250, 1], [239, 1], [237, 1], [216, 5], [182, 2]]","[[261, 3], [262, 4], [264, 3], [269, 5], [271, 1], [273, 2], [278, 4], [447, 4], [575, 3], [783, 4]]"
38.192,"[[260, 1], [259, 8], [256, 15], [254, 1], [252, 3], [250, 1], [237, 1], [236, 1], [216, 5], [182, 2]]","[[261, 3], [262, 4], [264, 3], [269, 5], [271, 1], [273, 2], [278, 4], [447, 4], [575, 3], [783, 4]]"
38.285,"[[260, 1], [259, 8], [256, 15], [254, 1], [252, 3], [250, 1], [237, 1], [236, 1], [216, 5], [182, 2]]","[[260, 1], [261, 3], [262, 4], [264, 3], [269, 5], [271, 1], [273, 2], [278, 4], [447, 4], [575, 3], [783, 4]]"
38.316,"[[259, 8], [256, 15], [254, 1], [252, 3], [250, 1], [237, 1], [236, 1], [216, 5], [182, 2]]","[[262, 4], [264, 3], [269, 5], [271, 1], [273, 2], [278, 4], [447, 4], [575, 3], [783, 4]]"
38.378,"[[259, 8], [256, 15], [254, 1], [252, 3], [250, 1], [237, 1], [236, 1], [216, 5], [182, 2]]","[[262, 4], [264, 3], [269, 5], [271, 1], [273, 2], [278, 4], [368, 4], [575, 3], [783, 4]]"
38.409,"[[259, 8], [256, 15], [254, 1], [252, 3], [250, 1], [237, 1], [236, 1], [216, 5], [182, 2]]","[[262, 4], [264, 3], [269, 5], [271, 3], [278, 4], [368, 4], [575, 3], [783, 4]]"
38.626,"[[259, 8], [256, 15], [254, 1], [252, 3], [250, 1], [237, 1], [236, 1], [216, 5], [182, 2]]","[[261, 4], [264, 3], [269, 5], [271, 3], [278, 4], [368, 4], [575, 3], [783, 4]]"
38.719,"[[259, 8], [256, 15], [254, 1], [252, 3], [250, 1], [237, 1], [236, 1], [218, 5], [182, 2]]","[[261, 4], [264, 3], [269, 5], [271, 3], [278, 4], [368, 4], [575, 3], [783, 4]]"
38.75,"[[259, 8], [256, 15], [254, 1], [252, 3], [250, 1], [237, 1], [236, 1], [218, 5], [182, 2]]","[[260, 4], [264, 3], [269, 5], [271, 3], [278, 4], [368, 4], [575, 3], [783, 4]]"
38.781,"[[259, 8], [256, 15], [254, 1], [252, 3], [250, 1], [237, 1], [236, 1], [218, 5], [182, 2]]","[[259, 4], [260, 4], [264, 3], [269, 5], [271, 3], [278, 4], [368, 4], [575, 3], [783, 4]]"
38.812,"[[259, 4], [256, 15], [254, 1], [252, 3], [250, 1], [237, 1], [236, 1], [218, 5], [182, 2]]","[[264, 3], [269, 5], [271, 3], [278, 4], [368, 4], [575, 3], [783, 4]]"
38.843,"[[259, 4], [256, 15], [254, 1], [252, 3], [250, 1], [236, 1], [218, 5], [182, 2], [164, 1]]","[[264, 3], [269, 5], [271, 3], [278, 4], [368, 4], [575, 3], [783, 4]]"
38.936,"[[259, 4], [256, 15], [254, 1], [252, 3], [250, 1], [236, 1], [218, 5], [182, 2], [164, 1]]","[[269, 5], [271, 3], [278, 4], [368, 4], [575, 3], [616, 3], [783, 4]]"